im_1, im_2, s_1, s_2
fr1.jpg, fr2.jpg, 0, 4
fr1.jpg, fr2.jpg, 1, 1
fr1.jpg, fr2.jpg, 2, 9
fr1.jpg, fr2.jpg, 3, 0
fr1.jpg, fr2.jpg, 4, 0
fr1.jpg, fr2.jpg, 5, 12
fr1.jpg, fr2.jpg, 6, 0
fr1.jpg, fr2.jpg, 8, 21
fr1.jpg, fr2.jpg, 9, 9
fr1.jpg, fr2.jpg, 10, 3
fr1.jpg, fr2.jpg, 11, 0
fr1.jpg, fr2.jpg, 12, 0
fr1.jpg, fr2.jpg, 13, 2
fr1.jpg, fr2.jpg, 14, 2
fr1.jpg, fr2.jpg, 15, 28
fr1.jpg, fr2.jpg, 16, 3
fr1.jpg, fr2.jpg, 17, 2
fr1.jpg, fr2.jpg, 18, 17
fr1.jpg, fr2.jpg, 19, 2
fr1.jpg, fr2.jpg, 20, 2
fr1.jpg, fr2.jpg, 21, 2
fr1.jpg, fr2.jpg, 22, 4
fr1.jpg, fr2.jpg, 23, 0
fr1.jpg, fr2.jpg, 24, 13
fr1.jpg, fr2.jpg, 25, 15
fr1.jpg, fr2.jpg, 26, 2
fr1.jpg, fr2.jpg, 27, 25
fr1.jpg, fr2.jpg, 28, 2
fr1.jpg, fr2.jpg, 29, 21
fr1.jpg, fr2.jpg, 30, 21
fr1.jpg, fr2.jpg, 31, 10
fr1.jpg, fr2.jpg, 32, 10
fr1.jpg, fr2.jpg, 33, 25
fr1.jpg, fr2.jpg, 34, 10
fr1.jpg, fr2.jpg, 35, 0
fr1.jpg, fr2.jpg, 36, 2
fr1.jpg, fr2.jpg, 37, 1
fr1.jpg, st_db1.png, 30, 59
fr1.jpg, st_db1.png, 31, 13
fr1.jpg, st_db1.png, 32, 1
fr1.jpg, st_db1.png, 33, 21
fr1.jpg, st_db2.png, 30, 21
fr1.jpg, st_db2.png, 31, 20
fr1.jpg, st_db2.png, 32, 0
fr1.jpg, st_db2.png, 33, 3
fr2.jpg, st_db1.png, 1, 6
fr2.jpg, st_db1.png, 5, 6
fr2.jpg, st_db1.png, 6, 6
fr2.jpg, st_db1.png, 13, 9
fr2.jpg, st_db1.png, 16, 9
fr2.jpg, st_db1.png, 17, 4
fr2.jpg, st_db1.png, 25, 42
fr2.jpg, st_db1.png, 26, 4
fr2.jpg, st_db2.png, 1, 51
fr2.jpg, st_db2.png, 5, 3
fr2.jpg, st_db2.png, 6, 2
fr2.jpg, st_db2.png, 11, 18
fr2.jpg, st_db2.png, 13, 0
fr2.jpg, st_db2.png, 16, 1
fr2.jpg, st_db2.png, 17, 3
fr2.jpg, st_db2.png, 25, 15
fr2.jpg, st_db2.png, 26, 5
st_db1.png, st_db2.png, 0, 1
st_db1.png, st_db2.png, 1, 0
st_db1.png, st_db2.png, 2, 0
st_db1.png, st_db2.png, 3, 0
st_db1.png, st_db2.png, 4, 1
st_db1.png, st_db2.png, 5, 2
st_db1.png, st_db2.png, 6, 1
st_db1.png, st_db2.png, 7, 0
st_db1.png, st_db2.png, 8, 0
st_db1.png, st_db2.png, 9, 1
st_db1.png, st_db2.png, 10, 2
st_db1.png, st_db2.png, 11, 0
st_db1.png, st_db2.png, 12, 3
st_db1.png, st_db2.png, 13, 1
st_db1.png, st_db2.png, 14, 3
st_db1.png, st_db2.png, 15, 17
st_db1.png, st_db2.png, 16, 0
st_db1.png, st_db2.png, 17, 0
st_db1.png, st_db2.png, 18, 1
st_db1.png, st_db2.png, 19, 0
st_db1.png, st_db2.png, 20, 1
st_db1.png, st_db2.png, 21, 3
st_db1.png, st_db2.png, 22, 3
st_db1.png, st_db2.png, 23, 2
st_db1.png, st_db2.png, 24, 0
st_db1.png, st_db2.png, 25, 5
st_db1.png, st_db2.png, 26, 0
st_db1.png, st_db2.png, 27, 2
st_db1.png, st_db2.png, 28, 1
st_db1.png, st_db2.png, 29, 3
st_db1.png, st_db2.png, 30, 6
st_db1.png, st_db2.png, 31, 1
st_db1.png, st_db2.png, 32, 2
st_db1.png, st_db2.png, 33, 11
st_db1.png, st_db2.png, 34, 11
st_db1.png, st_db2.png, 35, 10
st_db1.png, st_db2.png, 36, 4
st_db1.png, st_db2.png, 37, 4
st_db1.png, st_db2.png, 38, 0
st_db1.png, st_db2.png, 39, 1
st_db1.png, st_db2.png, 40, 3
st_db1.png, st_db2.png, 41, 1
st_db1.png, st_db2.png, 42, 5
st_db1.png, st_db2.png, 43, 6
st_db1.png, st_db2.png, 44, 6
st_db1.png, st_db2.png, 45, 0
st_db1.png, st_db2.png, 46, 1
st_db1.png, st_db2.png, 47, 12
st_db1.png, st_db2.png, 48, 1
st_db1.png, st_db2.png, 49, 2
st_db1.png, st_db2.png, 50, 3
st_db1.png, st_db2.png, 51, 0
st_db1.png, st_db2.png, 52, 1
st_db1.png, st_db2.png, 53, 0
st_db1.png, st_db2.png, 54, 6
st_db1.png, st_db2.png, 55, 4
st_db1.png, st_db2.png, 56, 2
st_db1.png, st_db2.png, 57, 9
st_db1.png, st_db2.png, 58, 1
st_db1.png, st_db2.png, 59, 0
st_db1.png, st_db2.png, 60, 3
st_db1.png, st_db2.png, 61, 1
st_db1.png, st_db2.png, 62, 1
st_db1.png, st_db2.png, 63, 12
st_db1.png, st_db2.png, 64, 1
st_db1.png, st_db2.png, 65, 0
st_db1.png, st_db2.png, 66, 0
st_db1.png, st_db2.png, 67, 9
st_db1.png, st_db2.png, 68, 13
st_db1.png, st_db2.png, 69, 0
st_db1.png, st_db2.png, 70, 2
st_db1.png, st_db2.png, 71, 1
st_db1.png, st_db2.png, 72, 1
st_db1.png, st_db2.png, 73, 2
st_db1.png, st_db2.png, 74, 1
st_db1.png, st_db2.png, 75, 1
st_db1.png, st_db2.png, 76, 2
st_db1.png, st_db2.png, 77, 0
st_db1.png, st_db2.png, 78, 3
st_db1.png, st_db2.png, 79, 3
st_db1.png, st_db2.png, 80, 6
st_db1.png, st_db2.png, 81, 0
st_db1.png, st_db2.png, 82, 0
st_db1.png, st_db2.png, 83, 2
st_db1.png, st_db2.png, 84, 4
st_db1.png, st_db2.png, 85, 0
st_db1.png, st_db2.png, 86, 0
st_db1.png, st_db2.png, 87, 4
st_db1.png, st_db2.png, 88, 5
st_db1.png, st_db2.png, 89, 1
st_db1.png, st_db2.png, 90, 4
st_db1.png, st_db2.png, 91, 1
st_db1.png, st_db2.png, 92, 1
st_db1.png, st_db2.png, 93, 0
st_db1.png, st_db2.png, 94, 2
st_db1.png, st_db2.png, 95, 2
st_db1.png, st_db2.png, 96, 3
st_db1.png, st_db2.png, 97, 5
st_db1.png, st_db2.png, 98, 1
st_db1.png, st_db2.png, 99, 0
st_db1.png, st_db2.png, 100, 0
st_db1.png, st_db2.png, 101, 1
st_db1.png, st_db2.png, 102, 6
st_db1.png, st_db2.png, 103, 5
st_db1.png, st_db2.png, 104, 2
st_db1.png, st_db2.png, 105, 1
st_db1.png, st_db2.png, 106, 1
st_db1.png, st_db2.png, 107, 10
st_db1.png, st_db2.png, 108, 2
st_db1.png, st_db2.png, 109, 0
st_db1.png, st_db2.png, 110, 1
st_db1.png, st_db2.png, 111, 3
st_db1.png, st_db2.png, 112, 3
st_db1.png, st_db2.png, 113, 3
st_db1.png, st_db2.png, 114, 3
st_db1.png, st_db2.png, 115, 1
st_db1.png, st_db2.png, 116, 1
st_db1.png, st_db2.png, 117, 3
st_db1.png, st_db2.png, 118, 0
st_db1.png, st_db2.png, 119, 1
st_db1.png, st_db2.png, 120, 12
st_db1.png, st_db2.png, 121, 0
st_db1.png, st_db2.png, 122, 12
st_db1.png, st_db2.png, 123, 0
st_db1.png, st_db2.png, 124, 2
st_db1.png, st_db2.png, 125, 0
st_db1.png, st_db2.png, 126, 1
st_db1.png, st_db2.png, 127, 11
st_db1.png, st_db2.png, 128, 0
st_db1.png, st_db2.png, 129, 3
st_db1.png, st_db2.png, 130, 0
st_db1.png, st_db2.png, 131, 0
st_db1.png, st_db2.png, 132, 1
st_db1.png, st_db2.png, 133, 1
st_db1.png, st_db2.png, 134, 10
st_db1.png, st_db2.png, 135, 2
st_db1.png, st_db2.png, 136, 0
st_db1.png, st_db2.png, 137, 0
st_db1.png, st_db2.png, 138, 0
st_db1.png, st_db2.png, 139, 3
st_db1.png, st_db2.png, 140, 0
st_db1.png, st_db2.png, 141, 3
st_db1.png, st_db2.png, 142, 5
st_db1.png, st_db2.png, 143, 8
st_db1.png, st_db2.png, 144, 0
st_db1.png, st_db2.png, 145, 3
st_db1.png, st_db2.png, 146, 0
st_db1.png, st_db2.png, 147, 0
st_db1.png, st_db2.png, 148, 1
st_db1.png, st_db2.png, 149, 0
st_db1.png, st_db2.png, 150, 6
st_db1.png, st_db2.png, 151, 0
st_db1.png, st_db2.png, 152, 1
st_db1.png, st_db2.png, 153, 1
st_db1.png, st_db2.png, 154, 3
st_db1.png, st_db2.png, 155, 1
st_db1.png, st_db2.png, 156, 0
st_db1.png, st_db2.png, 157, 6
st_db1.png, st_db2.png, 158, 1
st_db1.png, st_db2.png, 159, 11
st_db1.png, st_db2.png, 160, 2
st_db1.png, st_db2.png, 161, 2
st_db1.png, st_db2.png, 162, 0
st_db1.png, st_db2.png, 163, 1
st_db1.png, st_db2.png, 164, 3
st_db1.png, st_db2.png, 165, 1
st_db1.png, st_db2.png, 166, 1
st_db1.png, st_db2.png, 167, 1
st_db1.png, st_db2.png, 168, 0
st_db1.png, st_db2.png, 169, 0
st_db1.png, st_db2.png, 170, 1
st_db1.png, st_db2.png, 171, 1
st_db1.png, st_db2.png, 172, 1
st_db1.png, st_db2.png, 173, 0
st_db1.png, st_db2.png, 174, 4
st_db1.png, st_db2.png, 175, 5
st_db1.png, st_db2.png, 176, 0
st_db1.png, st_db2.png, 177, 2
st_db1.png, st_db2.png, 178, 1
st_db1.png, st_db2.png, 179, 1
st_db1.png, st_db2.png, 180, 0
st_db1.png, st_db2.png, 181, 3
st_db1.png, st_db2.png, 182, 35
st_db1.png, st_db2.png, 183, 0
st_db1.png, st_db2.png, 184, 1
st_db1.png, st_db2.png, 185, 2
st_db1.png, st_db2.png, 186, 0
st_db1.png, st_db2.png, 187, 0
st_db1.png, st_db2.png, 188, 0
st_db1.png, st_db2.png, 189, 1
st_db1.png, st_db2.png, 190, 1
st_db1.png, st_db2.png, 191, 1
st_db1.png, st_db2.png, 192, 3
st_db1.png, st_db2.png, 193, 2
st_db1.png, st_db2.png, 194, 1
st_db1.png, st_db2.png, 195, 1
st_db1.png, st_db2.png, 196, 1
st_db1.png, st_db2.png, 197, 3
st_db1.png, st_db2.png, 198, 1
st_db1.png, st_db2.png, 199, 3
st_db1.png, st_db2.png, 200, 1
st_db1.png, st_db2.png, 201, 4
st_db1.png, st_db2.png, 202, 5
st_db1.png, st_db2.png, 203, 0
st_db1.png, st_db2.png, 204, 1
st_db1.png, st_db2.png, 205, 3
st_db1.png, st_db2.png, 206, 2
st_db1.png, st_db2.png, 207, 1
st_db1.png, st_db2.png, 208, 0
st_db1.png, st_db2.png, 209, 3
st_db1.png, st_db2.png, 210, 0
st_db1.png, st_db2.png, 211, 3
st_db1.png, st_db2.png, 212, 0
st_db1.png, st_db2.png, 213, 0
st_db1.png, st_db2.png, 214, 3
st_db1.png, st_db2.png, 215, 4
st_db1.png, st_db2.png, 216, 1
st_db1.png, st_db2.png, 217, 1
st_db1.png, st_db2.png, 218, 1
st_db1.png, st_db2.png, 219, 2
st_db1.png, st_db2.png, 220, 3
st_db1.png, st_db2.png, 221, 0
st_db1.png, st_db2.png, 222, 3
st_db1.png, st_db2.png, 223, 1
st_db1.png, st_db2.png, 224, 12
st_db1.png, st_db2.png, 225, 0
st_db1.png, st_db2.png, 226, 5
st_db1.png, st_db2.png, 227, 1
st_db1.png, st_db2.png, 228, 13
st_db1.png, st_db2.png, 229, 7
st_db1.png, st_db2.png, 230, 3
st_db1.png, st_db2.png, 231, 0
st_db1.png, st_db2.png, 232, 0
st_db1.png, st_db2.png, 233, 0
st_db1.png, st_db2.png, 234, 1
st_db1.png, st_db2.png, 235, 2
st_db1.png, st_db2.png, 236, 14
st_db1.png, st_db2.png, 237, 0
st_db1.png, st_db2.png, 238, 11
st_db1.png, st_db2.png, 239, 7
st_db1.png, st_db2.png, 240, 0
st_db1.png, st_db2.png, 241, 0
st_db1.png, st_db2.png, 242, 2
st_db1.png, st_db2.png, 243, 0
st_db1.png, st_db2.png, 244, 6
st_db1.png, st_db2.png, 245, 2
st_db1.png, st_db2.png, 246, 1
st_db1.png, st_db2.png, 247, 4
st_db1.png, st_db2.png, 248, 1
st_db1.png, st_db2.png, 249, 1
st_db1.png, st_db2.png, 250, 8
st_db1.png, st_db2.png, 251, 6
st_db1.png, st_db2.png, 252, 1
st_db1.png, st_db2.png, 253, 5
st_db1.png, st_db2.png, 254, 1
st_db1.png, st_db2.png, 255, 0
st_db1.png, st_db2.png, 256, 3
st_db1.png, st_db2.png, 257, 4
st_db1.png, st_db2.png, 258, 14
st_db1.png, st_db2.png, 259, 1
st_db1.png, st_db2.png, 260, 5
st_db1.png, st_db2.png, 261, 4
st_db1.png, st_db2.png, 262, 0
st_db1.png, st_db2.png, 263, 5
st_db1.png, st_db2.png, 264, 0
st_db1.png, st_db2.png, 265, 0
st_db1.png, st_db2.png, 266, 2
st_db1.png, st_db2.png, 267, 5
st_db1.png, st_db2.png, 268, 0
st_db1.png, st_db2.png, 269, 1
st_db1.png, st_db2.png, 270, 0
st_db1.png, st_db2.png, 271, 0
st_db1.png, st_db2.png, 272, 1
st_db1.png, st_db2.png, 273, 2
st_db1.png, st_db2.png, 274, 0
st_db1.png, st_db2.png, 275, 0
st_db1.png, st_db2.png, 276, 0
st_db1.png, st_db2.png, 277, 5
st_db1.png, st_db2.png, 278, 3
st_db1.png, st_db2.png, 279, 0
st_db1.png, st_db2.png, 280, 0
st_db1.png, st_db2.png, 281, 0
st_db1.png, st_db2.png, 282, 0
st_db1.png, st_db2.png, 283, 2
st_db1.png, st_db2.png, 284, 1
st_db1.png, st_db2.png, 285, 0
st_db1.png, st_db2.png, 286, 0
st_db1.png, st_db2.png, 287, 0
st_db1.png, st_db2.png, 288, 5
st_db1.png, st_db2.png, 289, 3
st_db1.png, st_db2.png, 290, 5
st_db1.png, st_db2.png, 291, 1
st_db1.png, st_db2.png, 292, 1
st_db1.png, st_db2.png, 293, 2
st_db1.png, st_db2.png, 294, 5
st_db1.png, st_db2.png, 295, 4
st_db1.png, st_db2.png, 296, 1
st_db1.png, st_db2.png, 297, 0
st_db1.png, st_db2.png, 298, 1
st_db1.png, st_db2.png, 299, 3
st_db1.png, st_db2.png, 300, 1
st_db1.png, st_db2.png, 301, 0
st_db1.png, st_db2.png, 302, 17
st_db1.png, st_db2.png, 303, 2
st_db1.png, st_db2.png, 304, 3
st_db1.png, st_db2.png, 305, 17
st_db1.png, st_db2.png, 306, 1
st_db1.png, st_db2.png, 307, 8
st_db1.png, st_db2.png, 308, 0
st_db1.png, st_db2.png, 309, 1
st_db1.png, st_db2.png, 310, 0
st_db1.png, st_db2.png, 311, 3
st_db1.png, st_db2.png, 312, 0
st_db1.png, st_db2.png, 313, 13
st_db1.png, st_db2.png, 314, 1
st_db1.png, st_db2.png, 315, 1
st_db1.png, st_db2.png, 316, 1
st_db1.png, st_db2.png, 317, 3
st_db1.png, st_db2.png, 318, 11
st_db1.png, st_db2.png, 319, 0
st_db1.png, st_db2.png, 320, 5
st_db1.png, st_db2.png, 321, 5
st_db1.png, st_db2.png, 322, 1
st_db1.png, st_db2.png, 323, 4
st_db1.png, st_db2.png, 324, 1
st_db1.png, st_db2.png, 325, 7
st_db1.png, st_db2.png, 326, 1
st_db1.png, st_db2.png, 327, 3
st_db1.png, st_db2.png, 328, 1
st_db1.png, st_db2.png, 329, 1
st_db1.png, st_db2.png, 330, 0
st_db1.png, st_db2.png, 331, 1
st_db1.png, st_db2.png, 332, 0
st_db1.png, st_db2.png, 333, 1
st_db1.png, st_db2.png, 334, 0
st_db1.png, st_db2.png, 335, 5
st_db1.png, st_db2.png, 336, 3
st_db1.png, st_db2.png, 337, 5
st_db1.png, st_db2.png, 338, 1
st_db1.png, st_db2.png, 339, 11
st_db1.png, st_db2.png, 340, 1
st_db1.png, st_db2.png, 341, 15
st_db1.png, st_db2.png, 342, 4
st_db1.png, st_db2.png, 343, 1
st_db1.png, st_db2.png, 344, 4
st_db1.png, st_db2.png, 345, 22
st_db1.png, st_db2.png, 346, 1
st_db1.png, st_db2.png, 347, 28
st_db1.png, st_db2.png, 348, 16
st_db1.png, st_db2.png, 349, 4
st_db1.png, st_db2.png, 350, 40
st_db1.png, st_db2.png, 351, 14
st_db1.png, st_db2.png, 352, 0
st_db1.png, st_db2.png, 353, 1
st_db1.png, st_db2.png, 354, 3
st_db1.png, st_db2.png, 355, 15
st_db1.png, st_db2.png, 356, 0
st_db1.png, st_db2.png, 357, 0
st_db1.png, st_db2.png, 358, 15
st_db1.png, st_db2.png, 359, 0
st_db1.png, st_db2.png, 360, 3
st_db1.png, st_db2.png, 361, 1
st_db1.png, st_db2.png, 362, 0
st_db1.png, st_db2.png, 363, 14
st_db1.png, st_db2.png, 364, 22
st_db1.png, st_db2.png, 365, 11
st_db1.png, st_db2.png, 366, 0
st_db1.png, st_db2.png, 367, 4
st_db1.png, st_db2.png, 368, 0
st_db1.png, st_db2.png, 369, 1
st_db1.png, st_db2.png, 370, 1
st_db1.png, st_db2.png, 371, 4
st_db1.png, st_db2.png, 372, 5
st_db1.png, st_db2.png, 373, 0
st_db1.png, st_db2.png, 374, 5
st_db1.png, st_db2.png, 375, 0
st_db1.png, st_db2.png, 376, 4
st_db1.png, st_db2.png, 377, 5
st_db1.png, st_db2.png, 378, 1
st_db1.png, st_db2.png, 379, 2
st_db1.png, st_db2.png, 380, 7
st_db1.png, st_db2.png, 381, 15
st_db1.png, st_db2.png, 382, 1
st_db1.png, st_db2.png, 383, 5
st_db1.png, st_db2.png, 384, 6
st_db1.png, st_db2.png, 385, 3
st_db1.png, st_db2.png, 386, 0
st_db1.png, st_db2.png, 387, 2
st_db1.png, st_db2.png, 388, 9
st_db1.png, st_db2.png, 389, 1
st_db1.png, st_db2.png, 390, 11
st_db1.png, st_db2.png, 391, 1
st_db1.png, st_db2.png, 392, 5
st_db1.png, st_db2.png, 393, 1
st_db1.png, st_db2.png, 394, 8
st_db1.png, st_db2.png, 395, 10
st_db1.png, st_db2.png, 396, 0
st_db1.png, st_db2.png, 397, 1
st_db1.png, st_db2.png, 398, 1
st_db1.png, st_db2.png, 399, 1
st_db1.png, st_db2.png, 400, 4
st_db1.png, st_db2.png, 401, 0
st_db1.png, st_db2.png, 402, 1
st_db1.png, st_db2.png, 403, 8
st_db1.png, st_db2.png, 404, 4
st_db1.png, st_db2.png, 405, 4
st_db1.png, st_db2.png, 406, 0
st_db1.png, st_db2.png, 407, 10
st_db1.png, st_db2.png, 408, 1
st_db1.png, st_db2.png, 409, 3
st_db1.png, st_db2.png, 410, 1
st_db1.png, st_db2.png, 411, 1
st_db1.png, st_db2.png, 412, 10
st_db1.png, st_db2.png, 413, 4
st_db1.png, st_db2.png, 414, 11
st_db1.png, st_db2.png, 415, 10
st_db1.png, st_db2.png, 416, 0
